{
  "project_info": {
    "project_number": "981067238273",
    "project_id": "restaurant-e22ab",
    "storage_bucket": "restaurant-e22ab.appspot.com"
  },
  "client": [
    {
      "client_info": {
        "mobilesdk_app_id": "1:981067238273:android:fe991b45b3e44b62efb680",
        "android_client_info": {
          "package_name": "com.example.my_restaurant"
        }
      },
      "oauth_client": [
        {
          "client_id": "981067238273-b19449cgt5031pl5gspqkek460gl11vu.apps.googleusercontent.com",
          "client_type": 3
        }
      ],
      "api_key": [
        {
          "current_key": "AIzaSyAY-_VUZW9tcXG4dwVQ302hbBLZ8UYmvpM"
        }
      ],
      "services": {
        "appinvite_service": {
          "other_platform_oauth_client": [
            {
              "client_id": "981067238273-b19449cgt5031pl5gspqkek460gl11vu.apps.googleusercontent.com",
              "client_type": 3
            }
          ]
        }
      }
    }
  ],
  "configuration_version": "1"
}